{"flutter":{"platforms":{"android":{"default":{"projectId":"waslapp-141c4","appId":"1:241160369734:android:f3191b08a7b929a3b5bc47","fileOutput":"android/app/google-services.json"}},"dart":{"lib/firebase_options.dart":{"projectId":"waslapp-141c4","configurations":{"android":"1:241160369734:android:f3191b08a7b929a3b5bc47","ios":"1:241160369734:ios:1c1adc138cb56a5ab5bc47","macos":"1:241160369734:ios:1c1adc138cb56a5ab5bc47","web":"1:241160369734:web:d8cad9fed702a5bab5bc47","windows":"1:241160369734:web:0383fc554a667031b5bc47"}}}}}}